"ID","Test Scenario","Expected Result","Type","Status","Evidence / Actual Result"
"MS-001","Create Media Set with valid name","Media Set is created successfully","Positive","Pass","created through the UI with landscape+portrait images; list shows ""Media set created""; API has 2 zones"
"MS-002","Create Media Set with unique name","Media Set is created","Positive","Pass","two differently named sets both created (201)"
"MS-003","Create Media Set with duplicate name","Duplicate is handled according to business rule","Negative","Pass","API 409 ""A media set with this name already exists in this folder""; UI: message ""already exists in this folder"", builder stayed open"
"MS-004","Create Media Set with blank name","Validation message is displayed","Negative","Pass","blank name → UI message ""Media set name is required""; nothing saved"
"MS-005","Create Media Set with spaces-only name","Validation message is displayed","Negative","Pass","spaces-only name: UI message ""Media set name is required""; API 400; nothing saved"
"MS-006","Create Media Set with minimum allowed name length","Media Set is created","Boundary","Pass","1-character name ""Q"" accepted (201). No documented minimum exists; 1 is the effective minimum"
"MS-007","Create Media Set exceeding maximum name length","User cannot save / validation shown","Boundary","Fail","no maximum enforced: input maxlength=none; API accepts 300 chars (201) and 5000 chars (201)"
"MS-008","Use special characters in Media Set name","Accepted/rejected according to validation rules","Negative","Observed","no validation rule for special characters is defined; all accepted: a&b → 201, a/b → 201, a#b → 201, @!$%^*() → 201, <b>x</b> → 201, a""b'c → 201, a\b → 201, a%20b → 201. Confirm the intended rule with the product owner"
"MS-009","Use Unicode characters in name","Name is saved and displayed correctly","Positive","Pass","unicode name (Devanagari + emoji + Arabic) saved, found by search and displayed intact on the card"
"MS-010","Edit Media Set name","Updated name is displayed everywhere","Positive","Pass","new name shown on the card, in the delete confirmation, in the Move-to-Folder modal and in the API"
"MS-011","Cancel Media Set creation","No Media Set is created","Positive","Pass","Cancel after naming and assigning both formats creates nothing"
"MS-012","Delete unused Media Set","Media Set is deleted successfully","Positive","Pass","unused set deleted: card gone, Total 0, API no longer returns it"
"MS-013","Delete Media Set used by Playlist","System prevents deletion or handles dependency correctly","Negative","Blocked","Needs a Media Set that a Playlist uses. cms2 offers no way to add a media set to a playlist (publishing a set creates/extends a playlist only after screens + approval). Not safely reachable without publishing to a live screen."
"MS-014","Delete Media Set used by Layout","Dependency warning/block is displayed","Negative","Blocked","Needs a Media Set used by a Layout. No layout surface for media sets exists on this build."
"MS-015","Refresh page after creation","Media Set remains available","Regression","Pass","set created in the UI is still listed after a full page refresh"
"MS-016","Search Media Set by exact name","Correct Media Set is returned","Functional","Pass","exact name returns exactly that set (Total - 1)"
"MS-017","Search using partial name","Matching Media Sets are displayed","Functional","Pass","partial text ""…_srch_"" returns all 3 matching sets; case-insensitive partial also matches"
"MS-018","Search with no matching name","Empty-state message is displayed","Negative","Pass","empty-state shown: ""No media sets match ""zzz_no_such_set_123"""""
"MS-019","Sort Media Sets","Sorting works correctly","Functional","Fail","UI sort controls found: 0; API default order [Gamma,Beta,Alpha]; sort=name asc [Gamma,Beta,Alpha]; desc [Gamma,Beta,Alpha] — there is no way to sort Media Sets: no UI control, and the API ignores sort/order"
"MS-020","Pagination with many Media Sets","Correct records appear on each page","Functional","Pass","UI page 1 = 20 cards, page 2 = 4 cards, no overlap (24 total)"
"MS-021","Open Media Set details","Correct media/items are displayed","Functional","Pass","File Details page lists the set's files with resolution/orientation/format/size and tabs (Playback Reports, Delivery Report, Target Screens, Publish History)"
"MS-022","Add image to Media Set","Image is added successfully","Positive","Pass","an image is added by assigning it to a display format: edit → pick the format → click an image → Save Changes persisted (landscape file now image_8__1782275603866.png…). A set holds one file per format (2 formats in this set); extra add-media buttons found: 0"
"MS-023","Add video to Media Set","Video is added successfully","Positive","Pass","video saved in the Landscape format (duration 28s)"
"MS-024","Add multiple media files","All selected files are added","Positive","Observed","3 formats (Landscape, Portrait, Square) accepted via API (201, 3 zones). A set takes ONE file per display format, so ""multiple files"" means multiple formats; the UI's Change ratio offers Landscape/Portrait/Square. Multi-select of several files at once is not a feature of the builder"
"MS-025","Add unsupported media type","Unsupported file is rejected","Negative","Observed","the builder only offers library files filtered as All/Images/Videos/Folders; documents, audio or other types cannot be picked, so ""unsupported type"" cannot be attempted from the set screen. File-type rejection happens at Library upload (not part of Media Sets). Server-side check of a non-image/video file id not possible with the files available"
"MS-026","Add duplicate media to Media Set","Duplicate handling follows requirement","Negative","Observed","the same file in two formats is accepted (201) with no warning; the requirement for duplicates is undefined (and orientation mismatch is not enforced server-side — MS-API-D4)"
"MS-027","Remove media from Media Set","Selected media is removed","Positive","Pass","× on the Portrait file then Save → UI message ""must have at least 2 display formats""; stored formats with a file: 2/2; ""Remove format"" on Portrait then Save → UI message ""at least 2 display formats""; stored zones: 2"
"MS-028","Remove all media","Empty Media Set is handled correctly","Functional","Pass","Clear Media empties all slots (no confirmation prompt); Save Changes then does NOT store an empty set — the stored set keeps both files and the screen stays on the edit view (an empty media set cannot be saved). The same rule shows ""must have at least 2 display formats"" when a file/format is removed (MS-027). Note: clearing is not confirmed and the refusal on Save was not captured as a distinct message in this check."
"MS-029","Reorder media inside Media Set","New order is saved correctly","Functional","Observed","Not applicable on this build: formats are fixed slots (Landscape / Portrait / Square), each holding one file; there is no ordering of files inside a set and no reorder control. Order only exists between media sets when several are published together."
"MS-030","Save Media Set after adding media","Changes persist after refresh","Regression","Pass","file changed in Edit, saved, page refreshed: the change persisted (365990 → 55bb7c)"
"MS-031","Add Media Set to Playlist","Media Set can be selected/added","Integration","Blocked","opened a playlist editor: no ""Media Set"" option in the editor. Media sets reach playlists only through the publish flow (Publish → ""Publish as new playlist"" / ""Append data in existing playlist""), which needs a live screen and approval; not executed. ClickUp 86d3vufju (Media Sets in Clusters / Prayer Schedule / Bulk Publish) is in testing"
"MS-032","Add same Media Set to multiple Playlists","System handles reuse correctly","Integration","Blocked","Depends on MS-031 (no direct ""add media set to playlist"" control found); reuse across playlists can only be exercised by publishing, which needs live screens."
"MS-033","Use Media Set in Layout","Media Set content renders correctly","Integration","Blocked","No Layout editor surface for Media Sets on this build; rendering needs a published layout on a screen."
"MS-034","Publish Playlist containing Media Set","Publish succeeds","E2E","Blocked","Publishing writes to real screens and, on cms2, enters the maker/checker approval flow. Not submitted in this run (the publish modal and screen picker were exercised up to Continue — see MS-FN-P01..P05)."
"MS-035","Sync published Media Set to Screen","Player receives updated content","E2E","Blocked","Player/screen scenario — requires a published set and an online player. The only registered screens on cms2 are offline, and publishing was not performed."
"MS-036","Verify Media Set playback on player","All media plays correctly","E2E","Blocked","Player/screen scenario — requires a published set and an online player. The only registered screens on cms2 are offline, and publishing was not performed."
"MS-037","Verify media order on player","Playback follows Media Set order","E2E","Blocked","Player/screen scenario — requires a published set and an online player. The only registered screens on cms2 are offline, and publishing was not performed."
"MS-038","Update Media Set after publishing","Updated content is reflected after republish","E2E","Blocked","Player/screen scenario — requires a published set and an online player. The only registered screens on cms2 are offline, and publishing was not performed."
"MS-039","Delete media after Media Set is published","Player behavior follows expected dependency/versioning","Regression","Blocked","Player/screen scenario — requires a published set and an online player. The only registered screens on cms2 are offline, and publishing was not performed."
"MS-040","Media Set with image + video + widget","All supported content types render correctly","Mixed","Observed","A media set accepts images and videos only (builder filters: All / Images / Videos / Folders). Widgets are not selectable, so an image + video + widget set cannot be built."
"MS-041","Large Media Set","System remains usable and saves successfully","Performance","Pass","50-format set: create 201 in 375ms, 50 zones stored; edit view opened in 2118ms. (Also: 220 sets in one account → all operations within budget, see volume run; no cap on zones — 500 accepted.)"
"MS-042","Upload large video into Media Set","Processing completes and media becomes playable","Performance","Blocked","Uploading a very large video (and waiting for transcoding) would load the shared Library/CMS storage for every colleague and needs a multi-hundred-MB test file; not attempted. Existing 126 MB 4K videos in the library were assigned to sets without issue (MS-EDG-13 style check not re-run)."
"MS-043","Multiple users edit same Media Set","Concurrent changes are handled correctly","Concurrency","Observed","two editors on one set: the last save wins silently (""…_043_A""); the second user is not warned that the set changed. No data corruption or duplicate"
"MS-044","Viewer opens Media Set","Viewer has read-only access","RBAC","Blocked","No view-only identity exists on cms2 (no CMS_VIEWER_* account). Existing roles: maker = full read/write on media sets, checker = no access (403)."
"MS-045","Editor modifies Media Set","Editor can perform permitted actions","RBAC","Pass","maker (editor-type role) can create (201), edit (200) and delete (200) its own set"
"MS-046","User without permission opens Media Set","Access is denied","Security","Pass","checker (no media-set permission): API list 403, create 403; /library → /library, ""Media Sets"" tab visible=false"
"MS-047","API request without authentication","Request is rejected","Security","Pass","read/create/update/delete without a token → 401/401/401/401 Unauthorized"
"MS-048","API attempts to access another user's Media Set","Unauthorized access is blocked","Security","Fail","same-account scope: a folder-fenced maker cannot LIST the admin's root-level set (0 results) but READ-by-id returns 200 with the full document. Cross-tenant IDOR could not be tested (one account on cms2)"
"MS-049","API attempts to modify another user's Media Set","Modification is rejected","Security","Fail","folder-fenced maker modified a set it cannot list: update → 200 (admin then saw ""…_target_BY_MAKER""), delete → 200. Cross-tenant modification could not be tested"
"MS-050","Media Set name contains XSS payload","Script is not executed","Security","Pass","3 XSS payloads (img onerror, svg onload, script tag) in name and description render as literal text on the cards, in the delete modal, the Move modal and the edit fields (name + description ""<script>window.__xss…""); no script ran (window flag 0), no dialog, no injected DOM"
